{
    "number of surfaces": 4,
    "number of modes": 2,
    "energies": [0.63135, 0.63135, 0.63135, 0.63135],
    "frequencies": [0.03, 0.03],
    "linear couplings": [
        [0.2, -0.2, 0.0, 0.0],
        [0.0, 0.0, 0.2, -0.2]
    ]
}
