{
    "number of surfaces": 8,
    "number of modes": 2,
    "energies": [-0.00333, -0.00333, -0.00333, -0.00333, -0.00333, -0.00333, -0.00333, -0.00333],
    "frequencies": [0.03, 0.03],
    "linear couplings": [
        [0.04, -0.04, 0.0, 0.0, 0.028284271, -0.028284271, 0.028284271, -0.028284271],
        [0.0, 0.0, 0.04, -0.04, 0.028284271, -0.028284271, -0.028284271, 0.028284271]
    ]
}
