{
    "number of surfaces": 8,
    "number of modes": 2,
    "energies": [0.20999, 0.20999, 0.20999, 0.20999, 0.20999, 0.20999, 0.20999, 0.20999],
    "frequencies": [0.03, 0.03],
    "linear couplings": [
        [0.12, -0.12, 0.0, 0.0, 0.084852814, -0.084852814, 0.084852814, -0.084852814],
        [0.0, 0.0, 0.12, -0.12, 0.084852814, -0.084852814, -0.084852814, 0.084852814]
    ]
}
