{
    "number of surfaces": 8,
    "number of modes": 2,
    "energies": [0.39667, 0.39667, 0.39667, 0.39667, 0.39667, 0.39667, 0.39667, 0.39667],
    "frequencies": [0.03, 0.03],
    "linear couplings": [
        [0.16, -0.16, 0.0, 0.0, 0.113137085, -0.113137085, 0.113137085, -0.113137085],
        [0.0, 0.0, 0.16, -0.16, 0.113137085, -0.113137085, -0.113137085, 0.113137085]
    ]
}
